timestamp,price_THB,price_USD
2022-12-14 13:29:00 UTC,646590.7866,17940.9204
2022-12-14 13:34:00 UTC,644670.2655,17887.6318
2022-12-14 13:39:00 UTC,644252.8599,17876.0501
2022-12-14 13:44:00 UTC,644070.376,17870.9867
2022-12-14 13:49:00 UTC,644412.8706,17880.4899
2022-12-14 13:54:00 UTC,645217.5375,17902.8169
2022-12-14 13:59:00 UTC,644780.9908,17890.7041
2022-12-14 14:04:00 UTC,645124.4628,17900.2344
2022-12-14 14:09:00 UTC,645721.8035,17916.8088
2022-12-14 14:14:00 UTC,646531.5347,17939.2763
2022-12-14 14:19:00 UTC,646183.3461,17929.6152
2022-12-14 14:24:00 UTC,646726.7097,17944.6918
2022-12-14 00:24:00 UTC,639884.7455,17754.8482
2022-12-14 00:29:00 UTC,640341.5186,17767.5223
2022-12-14 00:34:00 UTC,641512.8604,17800.0234
2022-12-14 00:39:00 UTC,641378.3433,17796.291
2022-12-14 00:44:00 UTC,642281.864,17821.3609
2022-12-14 00:49:00 UTC,641454.9186,17798.4157
2022-12-14 00:54:00 UTC,641246.3421,17792.6284
2022-12-14 00:59:00 UTC,642195.0072,17818.9509
2022-12-14 01:04:00 UTC,641288.0022,17793.7843
2022-12-14 01:09:00 UTC,641403.7594,17796.9962
2022-12-14 01:14:00 UTC,641478.4927,17799.0698
2022-12-14 01:19:00 UTC,641009.6408,17786.0606
2022-12-14 00:04:00 UTC,641185.4374,17790.9384
2022-12-14 00:09:00 UTC,640978.8875,17785.2073
2022-12-14 00:14:00 UTC,640645.4771,17775.9562
2022-12-14 00:19:00 UTC,640491.0161,17771.6704
2022-12-14 01:24:00 UTC,640958.2427,17784.6345
2022-12-14 01:29:00 UTC,640718.6455,17777.9864
2022-12-14 01:34:00 UTC,640741.1182,17778.6099
2022-12-14 01:39:00 UTC,640880.7001,17782.4829
2022-12-14 01:44:00 UTC,640914.1993,17783.4124
2022-12-14 01:49:00 UTC,640394.7767,17769
2022-12-14 01:54:00 UTC,640596.1426,17774.5873
2022-12-14 01:59:00 UTC,640586.778,17774.3275
2022-12-14 02:04:00 UTC,640338.7533,17767.4455
2022-12-14 02:09:00 UTC,640570.4432,17773.8742
2022-12-14 02:14:00 UTC,640172.9451,17762.8449
2022-12-14 02:19:00 UTC,639754.6184,17751.2376
2022-12-14 02:24:00 UTC,640167.2663,17762.6873
2022-12-14 02:29:00 UTC,640184.5979,17763.1682
2022-12-14 02:34:00 UTC,640082.2587,17760.3286
2022-12-14 02:39:00 UTC,640378.5104,17768.5487
2022-12-14 02:44:00 UTC,640505.3092,17772.067
2022-12-14 02:49:00 UTC,640562.0521,17773.6414
2022-12-14 02:54:00 UTC,641329.9708,17794.9488
2022-12-14 02:59:00 UTC,641283.5422,17793.6606
2022-12-14 03:04:00 UTC,641974.0207,17812.8192
2022-12-14 03:09:00 UTC,642155.6724,17817.8595
2022-12-14 03:14:00 UTC,642233.9199,17820.0306
2022-12-14 03:19:00 UTC,642382.3658,17824.1496
2022-12-14 03:24:00 UTC,642284.0613,17821.4219
2022-12-14 03:29:00 UTC,641619.4004,17802.9796
2022-12-14 03:34:00 UTC,641493.1246,17799.4758
2022-12-14 03:39:00 UTC,641156.1401,17790.1255
2022-12-14 03:44:00 UTC,641175.5322,17790.6636
2022-12-14 03:49:00 UTC,641418.5639,17797.407
2022-12-14 03:54:00 UTC,641648.2281,17803.7795
2022-12-14 03:59:00 UTC,641081.4335,17788.0527
2022-12-14 04:04:00 UTC,640658.1967,17776.3091
2022-12-14 04:09:00 UTC,640821.7329,17780.8468
2022-12-14 04:14:00 UTC,640683.8287,17777.0203
2022-12-14 04:19:00 UTC,640039.694,17759.1476
2022-12-14 04:24:00 UTC,640012.6777,17758.3979
2022-12-14 09:29:00 UTC,641542.6565,17800.8502
2022-12-14 09:34:00 UTC,641005.1066,17785.9348
2022-12-14 09:39:00 UTC,640904.7406,17783.15
2022-12-14 09:44:00 UTC,640837.6045,17781.2871
2022-12-14 09:49:00 UTC,640554.9824,17773.4452
2022-12-14 09:54:00 UTC,640763.8036,17779.2394
2022-12-14 09:59:00 UTC,641145.4488,17789.8289
2022-12-14 10:04:00 UTC,641153.3686,17790.0486
2022-12-14 10:09:00 UTC,641664.2162,17804.2231
2022-12-14 10:14:00 UTC,641623.5314,17803.0942
2022-12-14 10:19:00 UTC,642057.5243,17815.1362
2022-12-14 10:24:00 UTC,641849.3111,17809.3589
2022-12-12 00:34:00 UTC,613023.461,17009.5296
2022-12-12 00:39:00 UTC,612388.9008,16991.9225
2022-12-12 00:44:00 UTC,611948.0598,16979.6905
2022-12-12 00:49:00 UTC,612216.5499,16987.1403
2022-12-12 00:54:00 UTC,612146.2514,16985.1897
2022-12-12 00:59:00 UTC,610763.6243,16946.826
2022-12-12 01:04:00 UTC,611340.1454,16962.8227
2022-12-12 01:09:00 UTC,609854.8252,16921.6096
2022-12-12 01:14:00 UTC,610811.9979,16948.1682
2022-12-12 01:19:00 UTC,610744.6424,16946.2993
2022-12-12 01:24:00 UTC,611115.5614,16956.5912
2022-12-12 01:29:00 UTC,611253.5643,16960.4203
2022-12-12 02:39:00 UTC,610737.7483,16946.108
2022-12-12 02:44:00 UTC,610804.4407,16947.9585
2022-12-12 02:49:00 UTC,610820.4684,16948.4033
2022-12-12 02:54:00 UTC,609410.3233,16909.276
2022-12-12 02:59:00 UTC,608906.7335,16895.303
2022-12-12 03:04:00 UTC,608605.2222,16886.9369
2022-12-12 03:09:00 UTC,609287.938,16905.8802
2022-12-12 03:14:00 UTC,609077.9145,16900.0527
2022-12-12 03:19:00 UTC,608778.873,16891.7552
2022-12-12 03:24:00 UTC,609347.7334,16907.5394
2022-12-12 03:29:00 UTC,609421.02,16909.5728
2022-12-12 03:34:00 UTC,609206.9774,16903.6338
2022-12-12 03:39:00 UTC,609557.9972,16913.3735
2022-12-12 03:44:00 UTC,609680.5322,16916.7735
2022-12-12 03:49:00 UTC,609747.1262,16918.6213
2022-12-12 03:54:00 UTC,609566.0807,16913.5978
2022-12-12 03:59:00 UTC,609637.2986,16915.5739
2022-12-12 04:04:00 UTC,609739.3325,16918.405
2022-12-12 04:09:00 UTC,609507.3812,16911.9691
2022-12-12 04:14:00 UTC,609695.8733,16917.1992
2022-12-12 04:19:00 UTC,610403.6885,16936.8389
2022-12-12 04:24:00 UTC,610207.4363,16931.3935
2022-12-12 04:29:00 UTC,610171.8071,16930.4049
2022-12-12 04:34:00 UTC,610379.8412,16936.1772
2022-12-12 00:04:00 UTC,614381.8887,17047.2218
2022-12-12 00:09:00 UTC,613979.3377,17036.0522
2022-12-12 00:14:00 UTC,613146.5538,17012.945
2022-12-12 00:19:00 UTC,612706.1659,17000.7256
2022-12-12 00:24:00 UTC,612172.4935,16985.9178
2022-12-12 00:29:00 UTC,612190.5708,16986.4194
2022-12-12 01:34:00 UTC,611558.8246,16968.8904
2022-12-12 01:39:00 UTC,611622.6568,16970.6615
2022-12-12 01:44:00 UTC,611379.5198,16963.9152
2022-12-12 01:49:00 UTC,611334.2871,16962.6602
2022-12-12 01:54:00 UTC,610667.608,16944.1618
2022-12-12 01:59:00 UTC,611183.3065,16958.4709
2022-12-12 02:04:00 UTC,610766.2318,16946.8984
2022-12-12 02:09:00 UTC,610500.6905,16939.5304
2022-12-12 02:14:00 UTC,610088.9234,16928.1051
2022-12-12 02:19:00 UTC,610453.4867,16938.2206
2022-12-12 02:24:00 UTC,610461.4779,16938.4424
2022-12-12 02:29:00 UTC,610788.6851,16947.5214
2022-12-12 02:34:00 UTC,611147.2204,16957.4696
2022-12-12 05:39:00 UTC,610339.3589,16935.0539
2022-12-12 05:44:00 UTC,610407.8338,16936.9539
2022-12-12 05:49:00 UTC,610664.3438,16944.0713
2022-12-12 05:54:00 UTC,610545.8742,16940.7841
2022-12-12 05:59:00 UTC,610613.3515,16942.6564
2022-12-12 06:04:00 UTC,610398.1545,16936.6853
2022-12-12 06:09:00 UTC,610557.6968,16941.1121
2022-12-12 06:14:00 UTC,610485.0463,16939.0963
2022-12-12 06:19:00 UTC,610552.4584,16940.9668
2022-12-12 06:24:00 UTC,610467.5168,16938.6099
2022-12-12 06:29:00 UTC,610453.6086,16938.224
2022-12-12 06:34:00 UTC,610467.7034,16938.6151
2022-12-12 06:39:00 UTC,610396.8957,16936.6504
2022-12-12 06:44:00 UTC,610565.0597,16941.3164
2022-12-12 06:49:00 UTC,610275.9105,16933.2934
2022-12-12 06:54:00 UTC,610000.3926,16925.6487
2022-12-12 06:59:00 UTC,610384.1487,16936.2967
2022-12-12 07:04:00 UTC,610606.7818,16942.4741
2022-12-12 07:09:00 UTC,610564.4287,16941.2989
2022-12-12 07:14:00 UTC,610404.1566,16936.8519
2022-12-12 07:19:00 UTC,610057.1642,16927.2239
2022-12-12 07:24:00 UTC,609783.1997,16919.6222
2022-12-12 07:29:00 UTC,609941.5894,16924.017
2022-12-12 07:34:00 UTC,609870.703,16922.0502
2022-12-12 04:39:00 UTC,610252.5641,16932.6456
2022-12-12 04:44:00 UTC,610133.56,16929.3436
2022-12-12 04:49:00 UTC,610047.8392,16926.9652
2022-12-12 04:54:00 UTC,610132.2478,16929.3072
2022-12-12 04:59:00 UTC,610154.4794,16929.9241
2022-12-12 05:04:00 UTC,610041.4857,16926.7889
2022-12-12 05:09:00 UTC,610045.3964,16926.8974
2022-12-12 05:14:00 UTC,610089.8024,16928.1295
2022-12-12 05:19:00 UTC,610081.1276,16927.8888
2022-12-12 05:24:00 UTC,610314.2455,16934.3571
2022-12-12 05:29:00 UTC,609993.447,16925.4559
2022-12-12 05:34:00 UTC,610476.1213,16938.8487
2022-12-12 07:39:00 UTC,609913.8288,16923.2468
2022-12-12 07:44:00 UTC,610065.1727,16927.4461
2022-12-12 07:49:00 UTC,610019.8293,16926.188
2022-12-12 07:54:00 UTC,610086.5606,16928.0396
2022-12-12 07:59:00 UTC,609905.8838,16923.0263
2022-12-12 08:04:00 UTC,609925.9945,16923.5843
2022-12-12 08:09:00 UTC,609817.2322,16920.5665
2022-12-12 08:14:00 UTC,609763.2324,16919.0682
2022-12-12 08:19:00 UTC,609605.9175,16914.7032
2022-12-12 08:24:00 UTC,609819.8498,16920.6391
2022-12-12 08:29:00 UTC,609941.7872,16924.0225
2022-12-12 08:34:00 UTC,610171.4871,16930.396
2022-12-12 08:39:00 UTC,609898.8012,16922.8298
2022-12-12 08:44:00 UTC,609884.5488,16922.4343
2022-12-12 08:49:00 UTC,609914.4033,16923.2627
2022-12-12 08:54:00 UTC,609987.9022,16925.3021
2022-12-12 08:59:00 UTC,610180.2805,16930.64
2022-12-12 09:04:00 UTC,610196.7097,16931.0959
2022-12-12 09:09:00 UTC,610679.1494,16944.4821
2022-12-12 09:14:00 UTC,610508.5061,16939.7473
2022-12-12 09:19:00 UTC,610635.2329,16943.2635
2022-12-12 09:24:00 UTC,610403.2582,16936.8269
2022-12-12 09:29:00 UTC,610329.4778,16934.7798
2022-12-12 09:34:00 UTC,610815.8124,16948.2741
2022-12-12 09:39:00 UTC,611246.9066,16960.2356
2022-12-12 13:04:00 UTC,611751.0908,16974.2252
2022-12-12 13:14:00 UTC,611509.2025,16967.5135
2022-12-12 13:19:00 UTC,611339.4112,16962.8023
2022-12-12 13:39:00 UTC,611902.4916,16978.4261
2022-12-12 13:49:00 UTC,611929.2433,16979.1684
2022-12-12 13:59:00 UTC,611275.7127,16961.0349
2022-12-12 14:09:00 UTC,612558.0895,16996.6169
2022-12-12 14:24:00 UTC,613790.0873,17030.8011
2022-12-12 14:34:00 UTC,612741.3265,17001.7012
2022-12-12 14:49:00 UTC,613915.2993,17034.2754
2022-12-12 15:04:00 UTC,614244.533,17043.4106
2022-12-12 15:09:00 UTC,613702.6164,17028.3741
2022-12-12 15:19:00 UTC,613423.065,17020.6174
2022-12-12 15:24:00 UTC,613721.092,17028.8867
2022-12-12 15:39:00 UTC,613738.2964,17029.3641
2022-12-12 15:49:00 UTC,613339.5689,17018.3006
2022-12-12 15:54:00 UTC,613507.2086,17022.9521
2022-12-12 15:59:00 UTC,613833.0456,17031.9931
2022-12-12 14:04:00 UTC,611651.5926,16971.4644
2022-12-12 14:14:00 UTC,612926.5985,17006.8419
2022-12-12 14:19:00 UTC,613029.2826,17009.6911
2022-12-12 14:29:00 UTC,613188.1,17014.0978
2022-12-12 14:39:00 UTC,612702.8315,17000.6331
2022-12-12 14:44:00 UTC,613571.8136,17024.7447
2022-12-12 14:54:00 UTC,613817.3822,17031.5585
2022-12-12 14:59:00 UTC,613876.5952,17033.2014
2022-12-12 15:14:00 UTC,613561.7617,17024.4658
2022-12-12 15:29:00 UTC,613610.0513,17025.8057
2022-12-12 15:34:00 UTC,613669.7299,17027.4616
2022-12-12 15:44:00 UTC,613652.3273,17026.9787
2022-12-12 13:09:00 UTC,611745.0479,16974.0575
2022-12-12 13:24:00 UTC,611160.6276,16957.8416
2022-12-12 13:29:00 UTC,611416.4327,16964.9394
2022-12-12 13:34:00 UTC,612010.2133,16981.415
2022-12-12 13:44:00 UTC,611741.3246,16973.9542
2022-12-12 13:54:00 UTC,611884.3469,16977.9226
2022-12-12 09:44:00 UTC,611189.8719,16958.6531
2022-12-12 09:49:00 UTC,611252.095,16960.3796
2022-12-12 09:54:00 UTC,611060.7712,16955.0709
2022-12-12 09:59:00 UTC,611074.8445,16955.4614
2022-12-12 10:04:00 UTC,611062.1555,16955.1093
2022-12-12 10:09:00 UTC,611447.7597,16965.8087
2022-12-12 10:14:00 UTC,611598.9032,16970.0024
2022-12-12 10:19:00 UTC,611682.4252,16972.3199
2022-12-12 10:24:00 UTC,611670.7172,16971.9951
2022-12-12 10:29:00 UTC,611865.1743,16977.3907
2022-12-12 10:34:00 UTC,612066.7958,16982.985
2022-12-12 10:39:00 UTC,612056.8358,16982.7087
2022-12-12 11:44:00 UTC,612034.2261,16982.0813
2022-12-12 11:49:00 UTC,612042.6497,16982.3151
2022-12-12 11:54:00 UTC,611998.5245,16981.0907
2022-12-12 11:59:00 UTC,612059.3971,16982.7797
2022-12-12 12:04:00 UTC,611978.4221,16980.5329
2022-12-12 12:09:00 UTC,611741.7124,16973.965
2022-12-12 12:14:00 UTC,612520.1678,16995.5647
2022-12-12 12:19:00 UTC,611291.8763,16961.4834
2022-12-12 12:24:00 UTC,610758.9737,16946.697
2022-12-12 12:29:00 UTC,610821.8566,16948.4418
2022-12-12 12:34:00 UTC,610456.9603,16938.317
2022-12-12 10:44:00 UTC,612377.546,16991.6074
2022-12-12 10:49:00 UTC,612448.9438,16993.5885
2022-12-12 10:54:00 UTC,612323.8554,16990.1177
2022-12-12 10:59:00 UTC,612299.9591,16989.4546
2022-12-12 11:04:00 UTC,612255.5884,16988.2235
2022-12-12 11:09:00 UTC,612140.3224,16985.0252
2022-12-12 11:14:00 UTC,611972.3767,16980.3652
2022-12-12 11:19:00 UTC,612127.7949,16984.6776
2022-12-12 11:24:00 UTC,611987.7244,16980.791
2022-12-12 11:29:00 UTC,612072.7481,16983.1502
2022-12-12 11:34:00 UTC,611993.9712,16980.9644
2022-12-12 11:39:00 UTC,611782.2182,16975.0889
2022-12-12 12:44:00 UTC,611171.0943,16958.1321
2022-12-12 12:49:00 UTC,611920.2052,16978.9176
2022-12-12 12:54:00 UTC,611709.2858,16973.0652
2022-12-12 12:39:00 UTC,610156.7492,16929.9871
2022-12-12 12:59:00 UTC,611563.7231,16969.0263
2022-12-12 18:04:00 UTC,612939.3426,17007.1955
2022-12-12 18:19:00 UTC,613195.5452,17014.3044
2022-12-12 18:24:00 UTC,613556.5449,17024.321
2022-12-12 18:29:00 UTC,613328.3248,17017.9886
2022-12-12 18:34:00 UTC,613387.2423,17019.6234
2022-12-12 18:39:00 UTC,613498.0213,17022.6972
2022-12-12 18:49:00 UTC,613460.6057,17021.659
2022-12-12 18:54:00 UTC,613652.6333,17026.9872
2022-12-12 18:59:00 UTC,613680.0907,17027.749
2022-12-12 17:09:00 UTC,612388.4957,16991.9112
2022-12-12 17:24:00 UTC,612213.3384,16987.0511
2022-12-12 17:59:00 UTC,612882.9522,17005.6309
2022-12-12 16:09:00 UTC,613418.9254,17020.5025
2022-12-12 16:39:00 UTC,612942.9419,17007.2954
2022-12-12 16:44:00 UTC,612742.1656,17001.7245
2022-12-12 18:09:00 UTC,612826.0494,17004.052
2022-12-12 18:14:00 UTC,613051.1776,17010.2986
2022-12-12 18:44:00 UTC,613472.7385,17021.9957
2022-12-12 17:04:00 UTC,612304.7877,16989.5886
2022-12-12 17:14:00 UTC,612278.1217,16988.8487
2022-12-12 17:19:00 UTC,612607.6596,16997.9924
2022-12-12 17:29:00 UTC,612097.6684,16983.8417
2022-12-12 17:34:00 UTC,612139.2978,16984.9967
2022-12-12 17:39:00 UTC,612461.8944,16993.9478
2022-12-12 17:44:00 UTC,612726.171,17001.2807
2022-12-12 17:49:00 UTC,612933.4425,17007.0318
2022-12-12 17:54:00 UTC,612983.8754,17008.4312
2022-12-12 16:04:00 UTC,613526.4904,17023.4871
2022-12-12 16:14:00 UTC,612791.8622,17003.1034
2022-12-12 16:19:00 UTC,612509.3461,16995.2645
2022-12-12 16:24:00 UTC,612702.3381,17000.6194
2022-12-12 16:29:00 UTC,612505.7136,16995.1637
2022-12-12 16:34:00 UTC,612971.8416,17008.0973
2022-12-12 16:49:00 UTC,612692.479,17000.3458
2022-12-12 16:54:00 UTC,612223.8649,16987.3432
2022-12-12 16:59:00 UTC,612232.2143,16987.5749
2022-12-12 23:09:00 UTC,618523.7259,17162.1451
2022-12-12 23:14:00 UTC,618172.3568,17152.3957
2022-12-12 23:19:00 UTC,618378.4631,17158.1145
2022-12-12 23:24:00 UTC,618922.5334,17173.2108
2022-12-12 23:29:00 UTC,618887.109,17172.2279
2022-12-12 23:34:00 UTC,618988.2823,17175.0352
2022-12-12 23:39:00 UTC,618743.1908,17168.2346
2022-12-12 23:44:00 UTC,619884.3207,17199.8975
2022-12-12 23:49:00 UTC,619660.7389,17193.6938
2022-12-12 23:54:00 UTC,620248.6206,17210.0057
2022-12-12 23:59:00 UTC,619765.6633,17196.6051
2022-12-12 22:09:00 UTC,619224.7948,17181.5977
2022-12-12 22:14:00 UTC,618455.748,17160.259
2022-12-12 22:19:00 UTC,618180.0575,17152.6094
2022-12-12 22:24:00 UTC,618229.5628,17153.983
2022-12-12 22:29:00 UTC,618559.847,17163.1474
2022-12-12 22:34:00 UTC,618642.4885,17165.4404
2022-12-12 22:39:00 UTC,617993.2773,17147.4268
2022-12-12 22:44:00 UTC,618552.661,17162.948
2022-12-12 22:49:00 UTC,618137.9282,17151.4404
2022-12-12 22:54:00 UTC,618277.2934,17155.3074
2022-12-12 22:59:00 UTC,618204.4061,17153.285
2022-12-12 23:04:00 UTC,618477.2477,17160.8555
2022-12-12 19:04:00 UTC,613948.0986,17035.1854
2022-12-12 19:09:00 UTC,613394.5523,17019.8262
2022-12-12 19:14:00 UTC,613190.8985,17014.1755
2022-12-12 19:19:00 UTC,612934.186,17007.0525
2022-12-12 19:24:00 UTC,613213.6441,17014.8066
2022-12-12 19:29:00 UTC,613715.4139,17028.7292
2022-12-12 19:34:00 UTC,613577.0188,17024.8891
2022-12-12 19:39:00 UTC,613442.4458,17021.1551
2022-12-12 19:44:00 UTC,613346.2468,17018.4859
2022-12-12 19:49:00 UTC,613296.917,17017.1171
2022-12-12 19:54:00 UTC,613483.1206,17022.2837
2022-12-12 19:59:00 UTC,613957.6672,17035.4509
2022-12-12 20:04:00 UTC,614472.5408,17049.7371
2022-12-12 20:09:00 UTC,614655.5858,17054.8161
2022-12-12 20:14:00 UTC,614585.3723,17052.8678
2022-12-12 20:19:00 UTC,614982.4113,17063.8845
2022-12-12 20:24:00 UTC,614359.1002,17046.5895
2022-12-12 20:29:00 UTC,614748.9611,17057.4069
2022-12-12 20:34:00 UTC,614978.4988,17063.7759
2022-12-12 20:39:00 UTC,614826.7661,17059.5658
2022-12-12 20:44:00 UTC,614852.6594,17060.2842
2022-12-12 20:49:00 UTC,614808.4732,17059.0582
2022-12-12 20:54:00 UTC,615162.4473,17068.8799
2022-12-12 20:59:00 UTC,616184.2985,17097.2332
2022-12-12 21:04:00 UTC,618208.2682,17153.3921
2022-12-12 21:09:00 UTC,618725.8656,17167.7539
2022-12-12 21:14:00 UTC,618255.367,17154.699
2022-12-12 21:19:00 UTC,618018.2988,17148.1211
2022-12-12 21:24:00 UTC,618743.5425,17168.2444
2022-12-12 21:29:00 UTC,619034.8892,17176.3284
2022-12-12 21:34:00 UTC,618686.8931,17166.6725
2022-12-12 21:39:00 UTC,619315.7969,17184.1227
2022-12-12 21:44:00 UTC,618996.7964,17175.2714
2022-12-12 21:49:00 UTC,619042.0035,17176.5258
2022-12-12 21:54:00 UTC,618333.5648,17156.8687
2022-12-12 21:59:00 UTC,618211.8019,17153.4902
2022-12-12 22:04:00 UTC,618929.8715,17173.4144
2022-12-14 11:29:00 UTC,642749.262,17834.3298
2022-12-14 11:34:00 UTC,642570.0506,17829.3572
2022-12-14 11:39:00 UTC,642322.1113,17822.4777
2022-12-14 11:44:00 UTC,642411.5467,17824.9592
2022-12-14 11:49:00 UTC,642372.5738,17823.8779
2022-12-14 11:54:00 UTC,642663.4796,17831.9496
2022-12-14 11:59:00 UTC,642489.6565,17827.1265
2022-12-14 12:04:00 UTC,642649.2874,17831.5558
2022-12-14 12:09:00 UTC,643544.5874,17856.3977
2022-12-14 12:14:00 UTC,643915.2296,17866.6818
2022-12-14 12:19:00 UTC,644290.1894,17877.0858
2022-12-14 12:24:00 UTC,644123.996,17872.4745
2022-12-14 06:29:00 UTC,640467.6359,17771.0216
2022-12-14 06:34:00 UTC,640347.0064,17767.6745
2022-12-14 06:39:00 UTC,640260.0159,17765.2608
2022-12-14 06:44:00 UTC,640021.483,17758.6423
2022-12-14 06:49:00 UTC,640635.9784,17775.6926
2022-12-14 06:54:00 UTC,640661.4716,17776.4
2022-12-14 06:59:00 UTC,640584.412,17774.2618
2022-12-14 07:04:00 UTC,640581.5126,17774.1814
2022-12-14 07:09:00 UTC,640742.3894,17778.6452
2022-12-14 07:14:00 UTC,640800.9709,17780.2707
2022-12-14 07:19:00 UTC,641041.2298,17786.9371
2022-12-14 04:29:00 UTC,640129.8106,17761.648
2022-12-14 04:34:00 UTC,640041.3908,17759.1946
2022-12-14 04:39:00 UTC,640064.4661,17759.8349
2022-12-14 04:44:00 UTC,640098.7726,17760.7868
2022-12-14 04:49:00 UTC,640062.7658,17759.7877
2022-12-14 04:54:00 UTC,640488.8811,17771.6111
2022-12-14 04:59:00 UTC,640297.4914,17766.3007
2022-12-14 05:04:00 UTC,640413.0133,17769.506
2022-12-14 05:09:00 UTC,640465.396,17770.9595
2022-12-14 05:14:00 UTC,640689.5562,17777.1793
2022-12-14 05:19:00 UTC,640412.831,17769.501
2022-12-14 05:24:00 UTC,640130.0067,17761.6535
2022-12-14 05:29:00 UTC,640626.2364,17775.4223
2022-12-14 05:34:00 UTC,639874.7999,17754.5723
2022-12-14 05:39:00 UTC,639769.4099,17751.648
2022-12-14 05:44:00 UTC,640340.0442,17767.4814
2022-12-14 05:49:00 UTC,639809.4777,17752.7598
2022-12-14 05:54:00 UTC,640072.9438,17760.0701
2022-12-14 05:59:00 UTC,640798.429,17780.2001
2022-12-14 06:04:00 UTC,640526.5757,17772.657
2022-12-14 06:09:00 UTC,640364.1658,17768.1507
2022-12-14 06:14:00 UTC,640452.5481,17770.603
2022-12-14 06:19:00 UTC,639970.503,17757.2277
2022-12-14 06:24:00 UTC,640487.1382,17771.5628
2022-12-14 07:24:00 UTC,640974.5205,17785.0861
2022-12-14 07:29:00 UTC,641397.3789,17796.8192
2022-12-14 07:34:00 UTC,641049.319,17787.1616
2022-12-14 07:39:00 UTC,641259.9703,17793.0065
2022-12-14 07:44:00 UTC,641162.5033,17790.3021
2022-12-14 07:49:00 UTC,641223.8795,17792.0051
2022-12-14 07:54:00 UTC,641553.1978,17801.1427
2022-12-14 07:59:00 UTC,641472.8701,17798.9138
2022-12-14 08:04:00 UTC,641682.0221,17804.7172
2022-12-14 08:09:00 UTC,641471.9485,17798.8883
2022-12-14 08:14:00 UTC,641600.4149,17802.4528
2022-12-14 08:19:00 UTC,641398.9193,17796.8619
2022-12-14 08:24:00 UTC,641495.9321,17799.5537
2022-12-14 08:29:00 UTC,641568.7898,17801.5753
2022-12-14 08:34:00 UTC,641983.7252,17813.0885
2022-12-14 08:39:00 UTC,642604.6497,17830.3173
2022-12-14 08:44:00 UTC,642471.829,17826.6319
2022-12-14 08:49:00 UTC,642600.8973,17830.2131
2022-12-14 08:54:00 UTC,642397.175,17824.5605
2022-12-14 08:59:00 UTC,642715.0961,17833.3818
2022-12-14 09:04:00 UTC,642285.366,17821.4581
2022-12-14 09:09:00 UTC,642362.4487,17823.5969
2022-12-14 09:14:00 UTC,642401.2378,17824.6732
2022-12-14 09:19:00 UTC,642138.0993,17817.3719
2022-12-14 09:24:00 UTC,640940.6494,17784.1463
2022-12-09 13:59:00 UTC,618960.2467,17174.2573
2022-12-09 14:04:00 UTC,618623.8559,17164.9234
2022-12-09 14:09:00 UTC,618172.586,17152.4021
2022-12-09 14:14:00 UTC,617704.6052,17139.417
2022-12-09 14:19:00 UTC,617373.1057,17130.2189
2022-12-09 14:24:00 UTC,616373.0926,17102.4716
2022-12-09 14:29:00 UTC,616674.3272,17110.83
2022-12-09 14:34:00 UTC,617010.917,17120.1693
2022-12-09 14:39:00 UTC,617870.32,17144.0151
2022-12-09 14:44:00 UTC,618419.2935,17159.2475
2022-12-09 14:49:00 UTC,618537.3433,17162.523
2022-12-09 14:54:00 UTC,618060.2083,17149.2839
2022-12-09 12:54:00 UTC,621430.4111,17242.7968
2022-12-09 12:59:00 UTC,622077.2048,17260.7433
2022-12-09 13:04:00 UTC,621929.918,17256.6566
2022-12-09 13:09:00 UTC,621899.1823,17255.8037
2022-12-09 13:14:00 UTC,621563.5926,17246.4922
2022-12-09 13:19:00 UTC,621098.7663,17233.5946
2022-12-09 13:24:00 UTC,620350.3539,17212.8285
2022-12-09 13:29:00 UTC,620703.645,17222.6312
2022-12-09 13:34:00 UTC,618001.9939,17147.6687
2022-12-09 13:39:00 UTC,618006.429,17147.7917
2022-12-09 13:44:00 UTC,618133.9822,17151.3309
2022-12-09 13:49:00 UTC,617962.4108,17146.5704
2022-12-09 13:54:00 UTC,619175.1612,17180.2205
2022-12-09 15:59:00 UTC,618794.3485,17169.6541
2022-12-09 16:04:00 UTC,619060.9097,17177.0503
2022-12-09 16:09:00 UTC,619018.6398,17175.8775
2022-12-09 16:14:00 UTC,618704.8774,17167.1715
2022-12-09 16:19:00 UTC,618892.4692,17172.3766
2022-12-09 16:24:00 UTC,619030.1179,17176.196
2022-12-09 16:29:00 UTC,619097.4936,17178.0654
2022-12-09 16:34:00 UTC,618860.7648,17171.4969
2022-12-09 16:39:00 UTC,618390.9859,17158.462
2022-12-09 16:44:00 UTC,618326.3687,17156.6691
2022-12-09 16:49:00 UTC,618552.6812,17162.9486
2022-12-09 16:54:00 UTC,618629.6078,17165.083
2022-12-09 14:59:00 UTC,618033.7409,17148.5495
2022-12-09 15:04:00 UTC,618683.9327,17166.5904
2022-12-09 15:09:00 UTC,618452.6619,17160.1733
2022-12-09 15:14:00 UTC,618445.8795,17159.9851
2022-12-09 15:19:00 UTC,618464.3086,17160.4965
2022-12-09 15:24:00 UTC,618594.8181,17164.1177
2022-12-09 15:29:00 UTC,618721.8976,17167.6438
2022-12-09 15:34:00 UTC,618986.2139,17174.9778
2022-12-09 15:39:00 UTC,619009.7754,17175.6315
2022-12-09 15:44:00 UTC,618904.1162,17172.6998
2022-12-09 15:49:00 UTC,618638.9069,17165.3411
2022-12-09 15:54:00 UTC,618814.5114,17170.2135
2022-12-09 16:59:00 UTC,618230.7571,17154.0161
2022-12-09 17:04:00 UTC,618140.953,17151.5244
2022-12-09 17:09:00 UTC,618647.8145,17165.5882
2022-12-09 17:14:00 UTC,618492.2796,17161.2726
2022-12-09 17:19:00 UTC,618581.493,17163.748
2022-12-09 17:24:00 UTC,618482.0547,17160.9889
2022-12-09 17:29:00 UTC,618528.1581,17162.2681
2022-12-09 17:34:00 UTC,618524.2427,17162.1595
2022-12-09 17:39:00 UTC,618899.817,17172.5805
2022-12-09 17:44:00 UTC,618637.5839,17165.3043
2022-12-09 17:49:00 UTC,618732.95,17167.9505
2022-12-09 17:54:00 UTC,618665.0406,17166.0662
2022-12-09 17:59:00 UTC,618709.386,17167.2966
2022-12-09 18:04:00 UTC,618252.473,17154.6187
2022-12-09 18:09:00 UTC,617854.2674,17143.5697
2022-12-09 18:14:00 UTC,617468.7663,17132.8732
2022-12-09 18:19:00 UTC,617561.503,17135.4464
2022-12-09 18:24:00 UTC,617325.9805,17128.9114
2022-12-09 18:29:00 UTC,617290.0987,17127.9157
2022-12-09 18:34:00 UTC,617785.8523,17141.6714
2022-12-09 18:39:00 UTC,617641.9089,17137.6774
2022-12-09 18:44:00 UTC,617735.6072,17140.2772
2022-12-09 18:49:00 UTC,617787.1343,17141.707
2022-12-09 18:54:00 UTC,617827.1354,17142.8169
2022-12-09 22:04:00 UTC,616651.3066,17110.1912
2022-12-09 22:09:00 UTC,616637.1667,17109.7989
2022-12-09 22:14:00 UTC,616767.9284,17113.4271
2022-12-09 22:19:00 UTC,616772.1776,17113.545
2022-12-09 22:24:00 UTC,616967.2642,17118.9581
2022-12-09 22:29:00 UTC,616849.7209,17115.6966
2022-12-09 22:34:00 UTC,617068.1204,17121.7565
2022-12-09 22:39:00 UTC,617130.0623,17123.4752
2022-12-09 22:44:00 UTC,616911.075,17117.399
2022-12-09 22:49:00 UTC,616967.226,17118.957
2022-12-09 22:54:00 UTC,617228.6663,17126.2112
2022-12-09 22:59:00 UTC,617217.0571,17125.8891
2022-12-09 20:04:00 UTC,617617.9466,17137.0125
2022-12-09 20:09:00 UTC,617848.6052,17143.4126
2022-12-09 20:14:00 UTC,617863.5747,17143.828
2022-12-09 20:19:00 UTC,618087.0646,17150.0291
2022-12-09 20:24:00 UTC,617686.9175,17138.9263
2022-12-09 20:29:00 UTC,617649.0993,17137.8769
2022-12-09 20:34:00 UTC,617712.7163,17139.6421
2022-12-09 20:39:00 UTC,617409.5547,17131.2303
2022-12-09 20:44:00 UTC,616963.3006,17118.8481
2022-12-09 20:49:00 UTC,617058.9651,17121.5025
2022-12-09 20:54:00 UTC,616756.4421,17113.1084
2022-12-09 20:59:00 UTC,616821.3549,17114.9095
2022-12-09 21:04:00 UTC,616763.8321,17113.3135
2022-12-09 21:09:00 UTC,616363.6688,17102.2101
2022-12-09 21:14:00 UTC,616457.0643,17104.8016
2022-12-09 21:19:00 UTC,616549.5938,17107.369
2022-12-09 21:24:00 UTC,616595.9748,17108.6559
2022-12-09 21:29:00 UTC,615995.8453,17092.0042
2022-12-09 21:34:00 UTC,615778.5565,17085.9751
2022-12-09 21:39:00 UTC,615966.2251,17091.1823
2022-12-09 21:44:00 UTC,615958.8603,17090.9779
2022-12-09 21:49:00 UTC,616416.3481,17103.6718
2022-12-09 21:54:00 UTC,616544.0865,17107.2162
2022-12-09 21:59:00 UTC,616600.954,17108.7941
2022-12-09 18:59:00 UTC,617899.512,17144.8251
2022-12-09 19:04:00 UTC,617451.0998,17132.383
2022-12-09 19:09:00 UTC,617554.2373,17135.2448
2022-12-09 19:14:00 UTC,617343.5273,17129.3982
2022-12-09 19:19:00 UTC,617731.9707,17140.1763
2022-12-09 19:24:00 UTC,618078.1533,17149.7819
2022-12-09 19:29:00 UTC,617931.8922,17145.7236
2022-12-09 19:34:00 UTC,618350.5645,17157.3404
2022-12-09 19:39:00 UTC,618188.2962,17152.838
2022-12-09 19:44:00 UTC,618061.2033,17149.3115
2022-12-09 19:49:00 UTC,617874.2761,17144.1249
2022-12-09 19:54:00 UTC,617620.1274,17137.073
2022-12-09 19:59:00 UTC,617816.8168,17142.5306
2022-12-09 23:04:00 UTC,617145.6972,17123.909
2022-12-09 23:09:00 UTC,617841.6477,17143.2195
2022-12-09 23:14:00 UTC,617733.3449,17140.2145
2022-12-09 23:19:00 UTC,617710.9936,17139.5943
2022-12-09 23:24:00 UTC,617695.255,17139.1576
2022-12-09 23:29:00 UTC,617850.5719,17143.4672
2022-12-09 23:34:00 UTC,618349.1835,17157.3021
2022-12-09 23:39:00 UTC,618150.2701,17151.7829
2022-12-09 23:44:00 UTC,618099.1088,17150.3633
2022-12-09 23:49:00 UTC,617688.3245,17138.9653
2022-12-09 23:54:00 UTC,617411.7059,17131.29
2022-12-09 23:59:00 UTC,617368.2212,17130.0834
2022-12-10 01:04:00 UTC,618415.234,17159.1348
2022-12-10 01:09:00 UTC,618483.2891,17161.0231
2022-12-10 01:14:00 UTC,618334.5044,17156.8948
2022-12-10 01:19:00 UTC,618391.9226,17158.488
2022-12-10 01:24:00 UTC,618145.9287,17151.6624
2022-12-10 01:29:00 UTC,618402.9772,17158.7947
2022-12-10 01:34:00 UTC,618421.2386,17159.3014
2022-12-10 01:39:00 UTC,618176.5108,17152.511
2022-12-10 01:44:00 UTC,618376.5364,17158.0611
2022-12-10 01:49:00 UTC,618207.7456,17153.3776
2022-12-10 01:54:00 UTC,618156.2891,17151.9499
2022-12-10 01:59:00 UTC,618313.7468,17156.3189
2022-12-10 02:04:00 UTC,618293.9259,17155.7689
2022-12-10 03:09:00 UTC,617678.6164,17138.6959
2022-12-10 03:14:00 UTC,617683.7921,17138.8395
2022-12-10 03:19:00 UTC,617805.3345,17142.212
2022-12-10 03:24:00 UTC,618039.4654,17148.7084
2022-12-10 03:29:00 UTC,618035.5155,17148.5988
2022-12-10 03:34:00 UTC,618280.4365,17155.3946
2022-12-10 03:39:00 UTC,618376.4881,17158.0597
2022-12-10 03:44:00 UTC,617902.4021,17144.9053
2022-12-10 03:49:00 UTC,617954.9005,17146.362
2022-12-10 03:54:00 UTC,617873.9492,17144.1158
2022-12-10 03:59:00 UTC,618007.0554,17147.8091
2022-12-10 04:04:00 UTC,617909.0655,17145.0902
2022-12-10 04:09:00 UTC,618047.6433,17148.9353
2022-12-10 04:14:00 UTC,617983.5829,17147.1578
2022-12-10 04:19:00 UTC,617800.593,17142.0804
2022-12-10 04:24:00 UTC,618000.464,17147.6262
2022-12-10 04:29:00 UTC,618202.2848,17153.2261
2022-12-10 04:34:00 UTC,618208.1334,17153.3884
2022-12-10 04:39:00 UTC,618364.9834,17157.7405
2022-12-10 04:44:00 UTC,618393.7639,17158.5391
2022-12-10 04:49:00 UTC,618420.5629,17159.2827
2022-12-10 04:54:00 UTC,618280.8084,17155.4049
2022-12-10 04:59:00 UTC,618307.3191,17156.1405
2022-12-10 05:04:00 UTC,618141.3776,17151.5361
2022-12-10 00:04:00 UTC,617457.5877,17132.5631
2022-12-10 00:09:00 UTC,617370.4398,17130.145
2022-12-10 00:14:00 UTC,617175.1949,17124.7275
2022-12-10 00:19:00 UTC,617814.2381,17142.459
2022-12-10 00:24:00 UTC,618250.7006,17154.5695
2022-12-10 00:29:00 UTC,618229.7505,17153.9882
2022-12-10 00:34:00 UTC,617856.4504,17143.6303
2022-12-10 00:39:00 UTC,617594.7113,17136.3678
2022-12-10 00:44:00 UTC,617971.5398,17146.8237
2022-12-10 00:49:00 UTC,617639.4067,17137.608
2022-12-10 00:54:00 UTC,617977.0391,17146.9762
2022-12-10 00:59:00 UTC,618236.2381,17154.1682
2022-12-10 02:09:00 UTC,618265.1087,17154.9693
2022-12-10 02:14:00 UTC,618244.3741,17154.394
2022-12-10 02:19:00 UTC,618199.5411,17153.15
2022-12-10 02:24:00 UTC,617741.2744,17140.4345
2022-12-10 02:29:00 UTC,617629.4218,17137.3309
2022-12-10 02:34:00 UTC,617479.7098,17133.1769
2022-12-10 02:39:00 UTC,617433.917,17131.9063
2022-12-10 02:44:00 UTC,617233.9195,17126.3569
2022-12-10 02:49:00 UTC,617463.1102,17132.7163
2022-12-10 02:54:00 UTC,617522.2493,17134.3572
2022-12-10 02:59:00 UTC,617812.3619,17142.407
2022-12-10 03:04:00 UTC,617754.5303,17140.8023
2022-12-10 05:09:00 UTC,618179.4715,17152.5931
2022-12-10 05:14:00 UTC,618248.7533,17154.5155
2022-12-10 05:19:00 UTC,617956.6517,17146.4106
2022-12-10 05:24:00 UTC,617951.9993,17146.2815
2022-12-10 05:29:00 UTC,617877.2606,17144.2077
2022-12-10 05:34:00 UTC,617994.4115,17147.4583
2022-12-10 05:39:00 UTC,617860.3391,17143.7382
2022-12-10 05:44:00 UTC,617836.2445,17143.0696
2022-12-10 05:49:00 UTC,617769.6459,17141.2217
2022-12-10 05:54:00 UTC,617728.0157,17140.0666
2022-12-10 05:59:00 UTC,617596.7014,17136.423
2022-12-10 06:04:00 UTC,617666.1375,17138.3497
2022-12-10 06:09:00 UTC,617829.8993,17142.8936
2022-12-10 06:14:00 UTC,617902.361,17144.9042
2022-12-10 06:19:00 UTC,618156.0523,17151.9433
2022-12-10 06:24:00 UTC,618294.6294,17155.7884
2022-12-10 06:29:00 UTC,618304.62,17156.0656
2022-12-10 06:34:00 UTC,618302.1405,17155.9968
2022-12-10 06:39:00 UTC,618189.7263,17152.8777
2022-12-10 06:44:00 UTC,617990.6107,17147.3528
2022-12-10 06:49:00 UTC,617980.3916,17147.0693
2022-12-10 06:54:00 UTC,618056.969,17149.1941
2022-12-10 06:59:00 UTC,618029.7001,17148.4374
2022-12-10 08:09:00 UTC,618098.1793,17150.3375
2022-12-10 08:14:00 UTC,618127.4946,17151.1509
2022-12-10 08:19:00 UTC,617883.014,17144.3673
2022-12-10 08:24:00 UTC,618168.4159,17152.2864
2022-12-10 08:29:00 UTC,618031.8437,17148.4969
2022-12-10 08:34:00 UTC,617942.2782,17146.0117
2022-12-10 08:39:00 UTC,618090.954,17150.137
2022-12-10 08:44:00 UTC,618089.5037,17150.0968
2022-12-10 08:49:00 UTC,618019.9873,17148.1679
2022-12-10 08:54:00 UTC,617970.1883,17146.7862
2022-12-10 08:59:00 UTC,617886.9063,17144.4753
2022-12-10 09:04:00 UTC,617897.5288,17144.7701
2022-12-10 07:04:00 UTC,617957.0704,17146.4222
2022-12-10 07:09:00 UTC,618007.361,17147.8176
2022-12-10 07:14:00 UTC,618066.8003,17149.4668
2022-12-10 07:19:00 UTC,618294.1922,17155.7763
2022-12-10 07:24:00 UTC,618820.0378,17170.3669
2022-12-10 07:29:00 UTC,618670.5929,17166.2202
2022-12-10 07:34:00 UTC,618625.8521,17164.9788
2022-12-10 07:39:00 UTC,618346.8178,17157.2365
2022-12-10 07:44:00 UTC,618164.6781,17152.1827
2022-12-10 07:49:00 UTC,618601.5352,17164.3041
2022-12-10 07:54:00 UTC,618433.17,17159.6325
2022-12-10 07:59:00 UTC,618283.8458,17155.4892
2022-12-10 08:04:00 UTC,618359.8708,17157.5987
2022-12-10 09:09:00 UTC,617919.6591,17145.3841
2022-12-10 09:14:00 UTC,617728.4013,17140.0773
2022-12-10 09:19:00 UTC,617791.9525,17141.8407
2022-12-10 09:24:00 UTC,617164.8928,17124.4417
2022-12-10 09:29:00 UTC,617438.7709,17132.0409
2022-12-10 09:34:00 UTC,617652.1259,17137.9609
2022-12-10 09:39:00 UTC,617736.8927,17140.3129
2022-12-10 09:44:00 UTC,617532.0965,17134.6304
2022-12-10 09:49:00 UTC,617858.2506,17143.6802
2022-12-10 09:54:00 UTC,617769.1784,17141.2087
2022-12-10 09:59:00 UTC,617926.608,17145.5769
2022-12-10 10:04:00 UTC,617942.3531,17146.0138
2022-12-10 14:14:00 UTC,618071.3645,17149.5935
2022-12-10 14:19:00 UTC,617978.6923,17147.0221
2022-12-10 14:24:00 UTC,618375.8837,17158.043
2022-12-10 14:29:00 UTC,618470.0552,17160.6559
2022-12-10 14:34:00 UTC,618669.3492,17166.1857
2022-12-10 14:39:00 UTC,618603.2057,17164.3505
2022-12-10 14:44:00 UTC,618956.2701,17174.1469
2022-12-10 14:49:00 UTC,618673.4494,17166.2995
2022-12-10 14:54:00 UTC,618623.6854,17164.9187
2022-12-10 14:59:00 UTC,618640.7954,17165.3935
2022-12-10 15:04:00 UTC,618663.2483,17166.0165
2022-12-10 15:09:00 UTC,618760.1487,17168.7051
2022-12-10 13:09:00 UTC,618455.7152,17160.258
2022-12-10 13:14:00 UTC,618676.1914,17166.3756
2022-12-10 13:19:00 UTC,618144.5502,17151.6242
2022-12-10 13:24:00 UTC,618125.787,17151.1035
2022-12-10 13:29:00 UTC,618125.192,17151.087
2022-12-10 13:34:00 UTC,618047.6318,17148.935
2022-12-10 13:39:00 UTC,618223.1804,17153.8059
2022-12-10 13:44:00 UTC,618122.1427,17151.0024
2022-12-10 13:49:00 UTC,618188.981,17152.857
2022-12-10 13:54:00 UTC,618391.4692,17158.4754
2022-12-10 13:59:00 UTC,618356.2034,17157.4969
2022-12-10 14:04:00 UTC,618425.1331,17159.4095
2022-12-10 14:09:00 UTC,618242.4344,17154.3402
2022-12-10 12:09:00 UTC,618911.2273,17172.8971
2022-12-10 12:14:00 UTC,618668.6572,17166.1665
2022-12-10 12:19:00 UTC,618510.4153,17161.7758
2022-12-10 12:24:00 UTC,618482.7261,17161.0075
2022-12-10 12:29:00 UTC,618325.7568,17156.6521
2022-12-10 12:34:00 UTC,618106.8804,17150.5789
2022-12-10 12:39:00 UTC,617947.6867,17146.1618
2022-12-10 12:44:00 UTC,618321.4359,17156.5322
2022-12-10 12:49:00 UTC,618254.2775,17154.6688
2022-12-10 12:54:00 UTC,618416.3011,17159.1644
2022-12-10 12:59:00 UTC,618380.224,17158.1634
2022-12-10 13:04:00 UTC,618463.0746,17160.4622
2022-12-10 10:09:00 UTC,618295.1473,17155.8028
2022-12-10 10:14:00 UTC,618413.3412,17159.0823
2022-12-10 10:19:00 UTC,618299.693,17155.9289
2022-12-10 10:24:00 UTC,618326.1626,17156.6634
2022-12-10 10:29:00 UTC,618117.0441,17150.861
2022-12-10 10:34:00 UTC,618094.4805,17150.2349
2022-12-10 10:39:00 UTC,618310.7198,17156.2349
2022-12-10 10:44:00 UTC,618451.5529,17160.1426
2022-12-10 10:49:00 UTC,618425.0138,17159.4062
2022-12-10 10:54:00 UTC,618476.6033,17160.8376
2022-12-10 10:59:00 UTC,618536.3194,17162.4946
2022-12-10 11:04:00 UTC,618603.4277,17164.3566
2022-12-10 11:09:00 UTC,618734.2478,17167.9865
2022-12-10 11:14:00 UTC,618633.3409,17165.1866
2022-12-10 11:19:00 UTC,618397.8645,17158.6529
2022-12-10 11:24:00 UTC,618349.8809,17157.3215
2022-12-10 11:29:00 UTC,618247.4458,17154.4792
2022-12-10 11:34:00 UTC,618525.6703,17162.1991
2022-12-10 11:39:00 UTC,618303.1391,17156.0245
2022-12-10 11:44:00 UTC,618593.5174,17164.0816
2022-12-10 11:49:00 UTC,618647.8589,17165.5894
2022-12-10 11:54:00 UTC,618868.5693,17171.7135
2022-12-10 11:59:00 UTC,618783.5502,17169.3545
2022-12-10 12:04:00 UTC,618861.2885,17171.5115
2022-12-10 18:14:00 UTC,619385.6117,17186.0598
2022-12-10 18:19:00 UTC,619398.8709,17186.4277
2022-12-10 18:24:00 UTC,619415.2824,17186.8831
2022-12-10 18:29:00 UTC,619546.5458,17190.5253
2022-12-10 18:34:00 UTC,619321.3993,17184.2781
2022-12-10 18:39:00 UTC,619280.4027,17183.1406
2022-12-10 18:44:00 UTC,619183.1621,17180.4425
2022-12-10 18:49:00 UTC,619374.0894,17185.7401
2022-12-10 18:54:00 UTC,619324.7214,17184.3703
2022-12-10 18:59:00 UTC,619289.2296,17183.3855
2022-12-10 19:04:00 UTC,619334.5831,17184.6439
2022-12-10 19:09:00 UTC,619330.068,17184.5187
2022-12-10 19:19:00 UTC,619302.5356,17183.7547
2022-12-10 19:24:00 UTC,618738.9233,17168.1162
2022-12-10 19:29:00 UTC,618679.6397,17166.4713
2022-12-10 19:34:00 UTC,618956.3159,17174.1482
2022-12-10 19:39:00 UTC,618936.1144,17173.5877
2022-12-10 19:44:00 UTC,618914.388,17172.9848
2022-12-10 19:49:00 UTC,618969.2686,17174.5076
2022-12-10 19:54:00 UTC,618982.8067,17174.8832
2022-12-10 19:59:00 UTC,618957.3383,17174.1766
2022-12-10 20:04:00 UTC,618847.6488,17171.133
2022-12-10 20:09:00 UTC,618796.7552,17169.7209
2022-12-10 20:14:00 UTC,619069.4245,17177.2866
2022-12-10 20:19:00 UTC,619009.5776,17175.626
2022-12-10 15:14:00 UTC,618562.2783,17163.2148
2022-12-10 15:19:00 UTC,619028.9941,17176.1648
2022-12-10 15:24:00 UTC,619215.8439,17181.3493
2022-12-10 15:29:00 UTC,619606.4234,17192.1867
2022-12-10 15:34:00 UTC,619050.865,17176.7716
2022-12-10 15:39:00 UTC,619641.7859,17193.1679
2022-12-10 15:44:00 UTC,620227.9949,17209.4334
2022-12-10 15:49:00 UTC,619953.5135,17201.8174
2022-12-10 15:54:00 UTC,620534.4206,17217.9358
2022-12-10 15:59:00 UTC,620227.597,17209.4224
2022-12-10 16:04:00 UTC,619961.9721,17202.0521
2022-12-10 16:09:00 UTC,620060.1505,17204.7762
2022-12-10 16:14:00 UTC,620244.4594,17209.8902
2022-12-10 16:19:00 UTC,619816.2923,17198.0099
2022-12-10 16:24:00 UTC,619476.9259,17188.5935
2022-12-10 16:29:00 UTC,619133.6471,17179.0686
2022-12-10 16:34:00 UTC,619620.1103,17192.5665
2022-12-10 16:39:00 UTC,619632.4749,17192.9095
2022-12-10 16:44:00 UTC,619401.434,17186.4989
2022-12-10 16:49:00 UTC,619297.6078,17183.618
2022-12-10 16:54:00 UTC,619542.8287,17190.4221
2022-12-10 16:59:00 UTC,619446.3179,17187.7442
2022-12-10 17:04:00 UTC,619721.5853,17195.3821
2022-12-10 17:09:00 UTC,619848.3387,17198.8991
2022-12-10 19:14:00 UTC,619294.517,17183.5322
2022-12-10 17:14:00 UTC,619461.5048,17188.1656
2022-12-10 17:19:00 UTC,619277.8078,17183.0686
2022-12-10 17:24:00 UTC,619306.3454,17183.8604
2022-12-10 17:29:00 UTC,619336.9022,17184.7083
2022-12-10 17:34:00 UTC,619401.7602,17186.5079
2022-12-10 17:39:00 UTC,619303.9649,17183.7944
2022-12-10 17:44:00 UTC,619242.9186,17182.1005
2022-12-10 17:49:00 UTC,619372.9185,17185.7076
2022-12-10 17:54:00 UTC,619529.1328,17190.0421
2022-12-10 17:59:00 UTC,618694.4233,17166.8815
2022-12-10 18:04:00 UTC,619146.0239,17179.412
2022-12-10 18:09:00 UTC,619104.2316,17178.2524
2022-12-10 20:24:00 UTC,618943.0135,17173.7791
2022-12-10 20:29:00 UTC,618861.5325,17171.5182
2022-12-10 20:34:00 UTC,618953.8705,17174.0803
2022-12-10 20:39:00 UTC,618668.5556,17166.1637
2022-12-10 20:44:00 UTC,618915.8739,17173.026
2022-12-10 20:49:00 UTC,618814.7428,17170.22
2022-12-10 20:54:00 UTC,618739.3471,17168.128
2022-12-10 20:59:00 UTC,618798.327,17169.7645
2022-12-10 21:04:00 UTC,618947.3365,17173.899
2022-12-10 21:09:00 UTC,618804.4004,17169.933
2022-12-10 21:14:00 UTC,618958.5705,17174.2107
2022-12-10 21:19:00 UTC,618911.5509,17172.9061
2022-12-10 21:24:00 UTC,618410.7441,17159.0102
2022-12-10 21:29:00 UTC,618749.5601,17168.4113
2022-12-10 21:34:00 UTC,618579.464,17163.6917
2022-12-10 21:39:00 UTC,618336.2293,17156.9427
2022-12-10 21:44:00 UTC,618073.7849,17149.6606
2022-12-10 21:49:00 UTC,617813.0906,17142.4272
2022-12-10 21:54:00 UTC,617587.4287,17136.1657
2022-12-10 21:59:00 UTC,617335.7289,17129.1818
2022-12-10 22:04:00 UTC,617382.2605,17130.473
2022-12-10 22:09:00 UTC,617650.5073,17137.916
2022-12-10 22:14:00 UTC,618234.8718,17154.1303
2022-12-10 22:19:00 UTC,618123.5727,17151.0421
2022-12-10 22:24:00 UTC,617911.1357,17145.1476
2022-12-10 22:29:00 UTC,618009.5995,17147.8797
2022-12-10 22:34:00 UTC,617608.6559,17136.7547
2022-12-10 22:39:00 UTC,616945.2258,17118.3466
2022-12-10 22:44:00 UTC,617019.6924,17120.4128
2022-12-10 22:49:00 UTC,617500.4152,17133.7514
2022-12-10 22:54:00 UTC,617374.5018,17130.2577
2022-12-10 22:59:00 UTC,617549.5845,17135.1157
2022-12-10 23:04:00 UTC,617777.8853,17141.4503
2022-12-10 23:09:00 UTC,617830.0543,17142.8979
2022-12-10 23:14:00 UTC,617767.0203,17141.1489
2022-12-10 23:19:00 UTC,617445.2058,17132.2195
2022-12-10 23:24:00 UTC,617152.6176,17124.1011
2022-12-10 23:29:00 UTC,617033.5598,17120.7976
2022-12-10 23:34:00 UTC,617035.7622,17120.8587
2022-12-10 23:39:00 UTC,617562.6054,17135.477
2022-12-10 23:44:00 UTC,616933.4677,17118.0203
2022-12-10 23:49:00 UTC,616485.1579,17105.5811
2022-12-10 23:54:00 UTC,616802.9626,17114.3992
2022-12-10 23:59:00 UTC,617322.0099,17128.8012
2022-12-13 00:04:00 UTC,620127.0212,17206.6317
2022-12-13 02:14:00 UTC,617497.6026,17133.6733
2022-12-13 02:19:00 UTC,617886.6494,17144.4682
2022-12-13 02:24:00 UTC,617247.4691,17126.7329
2022-12-13 02:29:00 UTC,617600.3433,17136.5241
2022-12-13 02:34:00 UTC,617314.7281,17128.5991
2022-12-13 02:39:00 UTC,617510.4599,17134.0301
2022-12-13 02:44:00 UTC,617311.0268,17128.4964
2022-12-13 02:49:00 UTC,617403.8712,17131.0726
2022-12-13 02:54:00 UTC,617739.2011,17140.377
2022-12-13 02:59:00 UTC,617720.8448,17139.8676
2022-12-13 03:04:00 UTC,617542.1387,17134.9091
2022-12-13 03:09:00 UTC,617660.8995,17138.2043
2022-12-13 03:14:00 UTC,617929.0353,17145.6443
2022-12-13 03:19:00 UTC,618166.9804,17152.2465
2022-12-13 03:24:00 UTC,618066.9373,17149.4706
2022-12-13 03:29:00 UTC,618087.3161,17150.0361
2022-12-13 03:34:00 UTC,618335.7896,17156.9305
2022-12-13 03:39:00 UTC,618243.6847,17154.3748
2022-12-13 03:44:00 UTC,618403.1278,17158.7989
2022-12-13 03:49:00 UTC,618654.949,17165.7862
2022-12-13 03:54:00 UTC,618251.9472,17154.6041
2022-12-13 03:59:00 UTC,618357.0121,17157.5193
2022-12-13 04:04:00 UTC,618028.7154,17148.4101
2022-12-13 04:09:00 UTC,618472.3614,17160.7199
2022-12-13 00:09:00 UTC,619123.6381,17178.7909
2022-12-13 00:14:00 UTC,619007.138,17175.5583
2022-12-13 00:19:00 UTC,618996.7372,17175.2698
2022-12-13 00:24:00 UTC,618650.0292,17165.6497
2022-12-13 00:29:00 UTC,618612.4622,17164.6073
2022-12-13 00:34:00 UTC,618409.486,17158.9753
2022-12-13 00:39:00 UTC,618920.7674,17173.1618
2022-12-13 00:44:00 UTC,618402.7616,17158.7887
2022-12-13 00:49:00 UTC,618068.9527,17149.5266
2022-12-13 00:54:00 UTC,617782.0195,17141.565
2022-12-13 00:59:00 UTC,617884.4567,17144.4074
2022-12-13 01:04:00 UTC,618055.8636,17149.1634
2022-12-13 01:09:00 UTC,618189.1309,17152.8611
2022-12-13 01:14:00 UTC,618254.4718,17154.6742
2022-12-13 01:19:00 UTC,618216.3278,17153.6158
2022-12-13 01:24:00 UTC,617659.0427,17138.1528
2022-12-13 01:29:00 UTC,618231.7349,17154.0433
2022-12-13 01:34:00 UTC,618220.9914,17153.7452
2022-12-13 01:39:00 UTC,618010.2114,17147.8967
2022-12-13 01:44:00 UTC,617912.428,17145.1835
2022-12-13 01:49:00 UTC,617712.7708,17139.6436
2022-12-13 01:54:00 UTC,617891.5865,17144.6052
2022-12-13 01:59:00 UTC,617479.1667,17133.1618
2022-12-13 02:04:00 UTC,617943.2931,17146.0399
2022-12-13 02:09:00 UTC,618045.66,17148.8803
2022-12-13 06:14:00 UTC,618995.0196,17175.2221
2022-12-13 06:19:00 UTC,619037.6016,17176.4036
2022-12-13 06:24:00 UTC,619340.8706,17184.8184
2022-12-13 06:29:00 UTC,619560.3308,17190.9078
2022-12-13 06:34:00 UTC,619914.9067,17200.7462
2022-12-13 06:39:00 UTC,620232.0479,17209.5459
2022-12-13 06:44:00 UTC,618623.7294,17164.9199
2022-12-13 06:49:00 UTC,618242.211,17154.334
2022-12-13 06:54:00 UTC,617940.8989,17145.9735
2022-12-13 06:59:00 UTC,618094.4549,17150.2342
2022-12-13 07:04:00 UTC,617608.0346,17136.7375
2022-12-13 07:09:00 UTC,617716.6508,17139.7513
2022-12-13 05:14:00 UTC,618455.5765,17160.2542
2022-12-13 05:19:00 UTC,618501.4366,17161.5267
2022-12-13 05:24:00 UTC,618795.6921,17169.6914
2022-12-13 05:29:00 UTC,618876.0804,17171.9219
2022-12-13 05:34:00 UTC,618591.9742,17164.0388
2022-12-13 05:39:00 UTC,618516.6077,17161.9476
2022-12-13 05:44:00 UTC,618625.9465,17164.9814
2022-12-13 05:49:00 UTC,618852.3433,17171.2633
2022-12-13 05:54:00 UTC,619311.5751,17184.0055
2022-12-13 05:59:00 UTC,619167.3549,17180.0039
2022-12-13 06:04:00 UTC,619104.3624,17178.256
2022-12-13 06:09:00 UTC,619038.6658,17176.4331
2022-12-13 04:14:00 UTC,619066.8307,17177.2146
2022-12-13 04:19:00 UTC,618889.222,17172.2865
2022-12-13 04:24:00 UTC,618978.4066,17174.7611
2022-12-13 04:29:00 UTC,619217.5969,17181.3979
2022-12-13 04:34:00 UTC,619085.44,17177.731
2022-12-13 04:39:00 UTC,619325.0912,17184.3806
2022-12-13 04:44:00 UTC,619173.8158,17180.1831
2022-12-13 04:49:00 UTC,619145.5248,17179.3982
2022-12-13 04:54:00 UTC,618871.5163,17171.7953
2022-12-13 04:59:00 UTC,618800.9831,17169.8382
2022-12-13 05:04:00 UTC,618456.0017,17160.266
2022-12-13 05:09:00 UTC,618480.4051,17160.9431
2022-12-13 07:14:00 UTC,617462.7634,17132.7067
2022-12-13 07:19:00 UTC,616522.824,17106.6262
2022-12-13 07:24:00 UTC,616632.4844,17109.669
2022-12-13 07:29:00 UTC,617411.5618,17131.286
2022-12-13 07:34:00 UTC,617762.1549,17141.0139
2022-12-13 07:39:00 UTC,617688.6564,17138.9745
2022-12-13 07:44:00 UTC,618163.0812,17152.1383
2022-12-13 07:49:00 UTC,618651.5335,17165.6914
2022-12-13 07:54:00 UTC,618671.686,17166.2506
2022-12-13 07:59:00 UTC,618576.6027,17163.6123
2022-12-13 08:04:00 UTC,618623.1989,17164.9052
2022-12-13 08:09:00 UTC,618511.7646,17161.8132
2022-12-13 08:14:00 UTC,618556.9166,17163.0661
2022-12-13 08:19:00 UTC,618541.0987,17162.6272
2022-12-13 08:24:00 UTC,618592.8269,17164.0625
2022-12-13 08:29:00 UTC,619327.7917,17184.4555
2022-12-13 08:34:00 UTC,619478.4205,17188.635
2022-12-13 08:39:00 UTC,619385.868,17186.0669
2022-12-13 08:44:00 UTC,619373.8638,17185.7339
2022-12-13 08:49:00 UTC,619341.2937,17184.8301
2022-12-13 08:54:00 UTC,619173.8011,17180.1827
2022-12-13 08:59:00 UTC,618745.435,17168.2969
2022-12-13 09:04:00 UTC,618877.6128,17171.9644
2022-12-13 09:09:00 UTC,619134.7341,17179.0987
2022-12-13 09:14:00 UTC,619488.7968,17188.9229
2022-12-13 15:24:00 UTC,640418.8673,17769.6685
2022-12-13 15:29:00 UTC,640015.832,17758.4855
2022-12-13 15:34:00 UTC,640317.7859,17766.8638
2022-12-13 15:39:00 UTC,640402.2002,17769.206
2022-12-13 15:44:00 UTC,640712.904,17777.8271
2022-12-13 15:49:00 UTC,640446.6022,17770.438
2022-12-13 15:54:00 UTC,640092.0742,17760.601
2022-12-13 15:59:00 UTC,639862.6486,17754.2351
2022-12-13 16:04:00 UTC,640618.5624,17775.2094
2022-12-13 16:09:00 UTC,640657.7184,17776.2959
2022-12-13 16:14:00 UTC,641478.1348,17799.0599
2022-12-13 16:19:00 UTC,641513.88,17800.0517
2022-12-13 18:24:00 UTC,637862.9865,17698.7506
2022-12-13 18:29:00 UTC,638048.3975,17703.8952
2022-12-13 18:34:00 UTC,638328.4272,17711.6651
2022-12-13 18:39:00 UTC,638462.1385,17715.3752
2022-12-13 18:44:00 UTC,638813.1959,17725.116
2022-12-13 18:49:00 UTC,638195.0295,17707.9638
2022-12-13 18:54:00 UTC,637842.3532,17698.1781
2022-12-13 18:59:00 UTC,638472.997,17715.6765
2022-12-13 19:04:00 UTC,638801.3326,17724.7868
2022-12-13 19:09:00 UTC,638557.3126,17718.016
2022-12-13 19:14:00 UTC,638343.4559,17712.0821
2022-12-13 14:24:00 UTC,644157.6631,17873.4086
2022-12-13 14:29:00 UTC,643266.0302,17848.6685
2022-12-13 14:34:00 UTC,642360.1655,17823.5336
2022-12-13 14:39:00 UTC,641311.5273,17794.4371
2022-12-13 14:44:00 UTC,642219.4942,17819.6304
2022-12-13 14:49:00 UTC,642108.0726,17816.5388
2022-12-13 14:54:00 UTC,641861.5305,17809.698
2022-12-13 14:59:00 UTC,642006.0581,17813.7082
2022-12-13 15:04:00 UTC,644353.6584,17878.8469
2022-12-13 15:09:00 UTC,643631.8554,17858.8191
2022-12-13 15:14:00 UTC,643717.8378,17861.2048
2022-12-13 15:19:00 UTC,642174.2017,17818.3736
2022-12-13 16:24:00 UTC,640952.6237,17784.4786
2022-12-13 16:29:00 UTC,640797.3086,17780.1691
2022-12-13 16:34:00 UTC,641733.8927,17806.1564
2022-12-13 16:39:00 UTC,641920.2029,17811.3259
2022-12-13 16:44:00 UTC,641987.1587,17813.1838
2022-12-13 16:49:00 UTC,640839.8051,17781.3482
2022-12-13 16:54:00 UTC,640331.7518,17767.2513
2022-12-13 16:59:00 UTC,639981.0015,17757.519
2022-12-13 17:04:00 UTC,640312.7641,17766.7244
2022-12-13 17:09:00 UTC,640740.3877,17778.5897
2022-12-13 17:14:00 UTC,640233.6109,17764.5282
2022-12-13 17:19:00 UTC,639153.1266,17734.548
2022-12-13 17:24:00 UTC,639023.4752,17730.9506
2022-12-13 17:29:00 UTC,639276.2749,17737.965
2022-12-13 17:34:00 UTC,638946.6722,17728.8195
2022-12-13 17:39:00 UTC,638969.6289,17729.4565
2022-12-13 17:44:00 UTC,638389.0465,17713.3471
2022-12-13 17:49:00 UTC,637563.3413,17690.4363
2022-12-13 17:54:00 UTC,636217.2242,17653.0857
2022-12-13 17:59:00 UTC,635793.2002,17641.3203
2022-12-13 18:04:00 UTC,636565.4444,17662.7477
2022-12-13 18:09:00 UTC,636564.9485,17662.734
2022-12-13 18:14:00 UTC,636761.5157,17668.1881
2022-12-13 18:19:00 UTC,638107.4134,17705.5327
2022-12-13 09:19:00 UTC,619859.9724,17199.2219
2022-12-13 09:24:00 UTC,619905.0361,17200.4723
2022-12-13 09:29:00 UTC,619963.6577,17202.0988
2022-12-13 09:34:00 UTC,620121.6185,17206.4818
2022-12-13 09:39:00 UTC,620353.8026,17212.9242
2022-12-13 09:44:00 UTC,619876.452,17199.6792
2022-12-13 09:49:00 UTC,620112.1245,17206.2183
2022-12-13 09:54:00 UTC,620457.3743,17215.798
2022-12-13 09:59:00 UTC,625258.2956,17349.0089
2022-12-13 10:04:00 UTC,627676.0251,17416.0935
2022-12-13 10:09:00 UTC,627942.0731,17423.4755
2022-12-13 10:14:00 UTC,627272.181,17404.8881
2022-12-13 13:19:00 UTC,629647.0769,17470.7842
2022-12-13 13:24:00 UTC,630904.8722,17505.6841
2022-12-13 13:29:00 UTC,632765.8495,17557.3206
2022-12-13 13:34:00 UTC,643186.2258,17846.4542
2022-12-13 13:39:00 UTC,643692.6224,17860.5052
2022-12-13 13:44:00 UTC,643452.259,17853.8358
2022-12-13 13:49:00 UTC,642989.4928,17840.9955
2022-12-13 13:54:00 UTC,641681.3716,17804.6991
2022-12-13 13:59:00 UTC,643093.0833,17843.8698
2022-12-13 14:04:00 UTC,644412.2785,17880.4734
2022-12-13 14:09:00 UTC,642726.2783,17833.6921
2022-12-13 14:14:00 UTC,644105.2447,17871.9542
2022-12-13 14:19:00 UTC,644198.0344,17874.5288
2022-12-13 11:19:00 UTC,628192.009,17430.4105
2022-12-13 11:24:00 UTC,628789.731,17446.9954
2022-12-13 11:29:00 UTC,628007.4312,17425.289
2022-12-13 11:34:00 UTC,627666.5764,17415.8313
2022-12-13 11:39:00 UTC,628159.972,17429.5215
2022-12-13 11:44:00 UTC,628496.5643,17438.861
2022-12-13 11:49:00 UTC,629181.8949,17457.8768
2022-12-13 11:54:00 UTC,628632.1659,17442.6235
2022-12-13 11:59:00 UTC,628699.032,17444.4788
2022-12-13 12:04:00 UTC,629115.4079,17456.032
2022-12-13 12:09:00 UTC,628711.8655,17444.8349
2022-12-13 12:14:00 UTC,628689.5301,17444.2152
2022-12-13 12:19:00 UTC,628667.9367,17443.616
2022-12-13 12:24:00 UTC,628887.2239,17449.7006
2022-12-13 12:29:00 UTC,627756.1694,17418.3173
2022-12-13 12:34:00 UTC,627873.7189,17421.5789
2022-12-13 12:39:00 UTC,628644.5878,17442.9682
2022-12-13 12:44:00 UTC,629181.8812,17457.8764
2022-12-13 12:49:00 UTC,629156.2311,17457.1647
2022-12-13 12:54:00 UTC,628665.0935,17443.5371
2022-12-13 12:59:00 UTC,627926.1416,17423.0335
2022-12-13 13:04:00 UTC,627134.2664,17401.0613
2022-12-13 13:09:00 UTC,627802.3045,17419.5974
2022-12-13 13:14:00 UTC,628731.1948,17445.3712
2022-12-13 10:19:00 UTC,627323.7762,17406.3197
2022-12-13 10:24:00 UTC,627610.6034,17414.2782
2022-12-13 10:29:00 UTC,628035.8445,17426.0774
2022-12-13 10:34:00 UTC,627836.971,17420.5593
2022-12-13 10:39:00 UTC,627690.6321,17416.4988
2022-12-13 10:44:00 UTC,628155.8411,17429.4069
2022-12-13 10:49:00 UTC,627429.0624,17409.241
2022-12-13 10:54:00 UTC,627470.8241,17410.3998
2022-12-13 10:59:00 UTC,627186.8033,17402.5191
2022-12-13 11:04:00 UTC,627054.2579,17398.8414
2022-12-13 11:09:00 UTC,627051.9726,17398.7779
2022-12-13 11:14:00 UTC,627549.6468,17412.5869
2022-12-13 21:24:00 UTC,639375.4739,17740.7175
2022-12-13 21:29:00 UTC,639174.9146,17735.1526
2022-12-13 21:34:00 UTC,639615.0675,17747.3655
2022-12-13 21:39:00 UTC,639440.7027,17742.5274
2022-12-13 21:44:00 UTC,639737.3022,17750.7571
2022-12-13 21:49:00 UTC,639981.5258,17757.5336
2022-12-13 21:54:00 UTC,640022.5844,17758.6728
2022-12-13 21:59:00 UTC,640226.5615,17764.3326
2022-12-13 22:04:00 UTC,640153.4233,17762.3032
2022-12-13 22:09:00 UTC,640145.9937,17762.0971
2022-12-13 22:14:00 UTC,640072.1001,17760.0467
2022-12-13 22:19:00 UTC,639495.0871,17744.0364
2022-12-13 22:24:00 UTC,639079.4536,17732.5038
2022-12-13 22:29:00 UTC,638747.806,17723.3016
2022-12-13 22:34:00 UTC,638606.1169,17719.3702
2022-12-13 22:39:00 UTC,637956.7773,17701.353
2022-12-13 22:44:00 UTC,638530.8145,17717.2808
2022-12-13 22:49:00 UTC,639213.3873,17736.2201
2022-12-13 22:54:00 UTC,640013.2825,17758.4147
2022-12-13 22:59:00 UTC,639869.9482,17754.4376
2022-12-13 23:04:00 UTC,639654.1922,17748.4511
2022-12-13 23:09:00 UTC,639379.7865,17740.8371
2022-12-13 23:14:00 UTC,639860.0671,17754.1635
2022-12-13 23:19:00 UTC,640224.132,17764.2652
2022-12-13 20:19:00 UTC,638758.1714,17723.5892
2022-12-13 20:24:00 UTC,638968.0608,17729.413
2022-12-13 20:29:00 UTC,639273.0598,17737.8758
2022-12-13 20:34:00 UTC,639533.5872,17745.1046
2022-12-13 20:39:00 UTC,639168.4562,17734.9734
2022-12-13 20:44:00 UTC,640040.6278,17759.1735
2022-12-13 20:49:00 UTC,639661.1627,17748.6445
2022-12-13 20:54:00 UTC,640160.5228,17762.5002
2022-12-13 20:59:00 UTC,639570.5833,17746.1312
2022-12-13 21:04:00 UTC,639810.1124,17752.7774
2022-12-13 21:09:00 UTC,640271.6576,17765.5838
2022-12-13 21:14:00 UTC,640120.3887,17761.3866
2022-12-13 21:19:00 UTC,639961.4159,17756.9756
2022-12-13 23:24:00 UTC,640531.4047,17772.791
2022-12-13 23:29:00 UTC,640729.0142,17778.2741
2022-12-13 23:34:00 UTC,641058.5059,17787.4165
2022-12-13 23:39:00 UTC,641209.8148,17791.6148
2022-12-13 23:44:00 UTC,641039.3554,17786.8851
2022-12-13 23:49:00 UTC,640738.6791,17778.5423
2022-12-13 23:54:00 UTC,640220.417,17764.1621
2022-12-13 23:59:00 UTC,640657.7833,17776.2977
2022-12-13 19:19:00 UTC,637956.1463,17701.3355
2022-12-13 19:24:00 UTC,638125.588,17706.037
2022-12-13 19:29:00 UTC,638373.257,17712.909
2022-12-13 19:34:00 UTC,638066.0665,17704.3854
2022-12-13 19:39:00 UTC,638531.731,17717.3062
2022-12-13 19:44:00 UTC,639439.3314,17742.4893
2022-12-13 19:49:00 UTC,639482.6865,17743.6923
2022-12-13 19:54:00 UTC,638789.2657,17724.452
2022-12-13 19:59:00 UTC,638633.9095,17720.1413
2022-12-13 20:04:00 UTC,638205.5474,17708.2556
2022-12-13 20:09:00 UTC,638011.8688,17702.8816
2022-12-13 20:14:00 UTC,638109.979,17705.6039
2022-12-14 12:29:00 UTC,644826.7991,17891.9751
2022-12-14 12:34:00 UTC,644277.2903,17876.7279
2022-12-14 12:39:00 UTC,644703.5632,17888.5557
2022-12-14 12:44:00 UTC,645245.1925,17903.5843
2022-12-14 12:49:00 UTC,644770.8401,17890.4224
2022-12-14 12:54:00 UTC,645167.2257,17901.4209
2022-12-14 12:59:00 UTC,646090.7936,17927.0471
2022-12-14 13:04:00 UTC,645317.0916,17905.5792
2022-12-14 13:09:00 UTC,645261.5273,17904.0375
2022-12-14 13:14:00 UTC,645035.1903,17897.7573
2022-12-14 13:19:00 UTC,645333.1402,17906.0245
2022-12-14 13:24:00 UTC,645865.2045,17920.7877
2022-12-14 10:29:00 UTC,641890.3614,17810.4979
2022-12-14 10:34:00 UTC,641879.9066,17810.2078
2022-12-14 10:39:00 UTC,641950.6383,17812.1704
2022-12-14 10:44:00 UTC,641806.337,17808.1665
2022-12-14 10:49:00 UTC,641830.5249,17808.8377
2022-12-14 10:54:00 UTC,641802.0159,17808.0466
2022-12-14 10:59:00 UTC,641722.2125,17805.8323
2022-12-14 11:04:00 UTC,642460.4883,17826.3172
2022-12-14 11:09:00 UTC,642471.0505,17826.6103
2022-12-14 11:14:00 UTC,642264.7698,17820.8866
2022-12-14 11:19:00 UTC,642766.6229,17834.8115
2022-12-14 11:24:00 UTC,642654.7612,17831.7077
2022-12-11 03:28:00 UTC,618444.7533,17159.9539
2022-12-11 03:34:00 UTC,618299.2274,17155.916
2022-12-11 03:39:00 UTC,618726.7256,17167.7778
2022-12-11 03:43:00 UTC,618779.8449,17169.2517
2022-12-11 03:48:00 UTC,618617.3492,17164.7429
2022-12-11 03:54:00 UTC,618374.2662,17157.9981
2022-12-11 03:58:00 UTC,618159.2649,17152.0325
2022-12-11 04:04:00 UTC,618136.9973,17151.4146
2022-12-11 04:09:00 UTC,618469.9943,17160.6542
2022-12-11 04:14:00 UTC,618568.191,17163.3789
2022-12-11 04:19:00 UTC,618461.8982,17160.4296
2022-12-11 04:24:00 UTC,618514.5199,17161.8897
2022-12-11 00:04:00 UTC,617137.053,17123.6692
2022-12-11 00:09:00 UTC,617155.286,17124.1751
2022-12-11 00:14:00 UTC,617289.3934,17127.8962
2022-12-11 00:19:00 UTC,617382.4105,17130.4771
2022-12-11 00:24:00 UTC,617361.2153,17129.889
2022-12-11 00:29:00 UTC,617678.0621,17138.6805
2022-12-11 00:34:00 UTC,617779.2768,17141.4889
2022-12-11 00:39:00 UTC,617613.9491,17136.9016
2022-12-11 00:44:00 UTC,617611.5182,17136.8342
2022-12-11 00:49:00 UTC,617601.8278,17136.5653
2022-12-11 00:54:00 UTC,617794.9787,17141.9246
2022-12-11 00:59:00 UTC,617827.3729,17142.8235
2022-12-11 01:04:00 UTC,617727.1169,17140.0417
2022-12-11 01:09:00 UTC,617945.1344,17146.091
2022-12-11 01:14:00 UTC,618062.4536,17149.3462
2022-12-11 01:19:00 UTC,618019.842,17148.1639
2022-12-11 01:24:00 UTC,618039.8284,17148.7185
2022-12-11 01:29:00 UTC,617998.5734,17147.5738
2022-12-11 01:34:00 UTC,617785.014,17141.6481
2022-12-11 01:39:00 UTC,617690.8945,17139.0366
2022-12-11 01:44:00 UTC,617798.5485,17142.0237
2022-12-11 01:49:00 UTC,617941.4997,17145.9901
2022-12-11 01:54:00 UTC,618373.6554,17157.9811
2022-12-11 01:59:00 UTC,618542.6534,17162.6703
2022-12-11 02:04:00 UTC,618361.2681,17157.6374
2022-12-11 02:09:00 UTC,618185.7212,17152.7665
2022-12-11 02:14:00 UTC,618164.4075,17152.1751
2022-12-11 02:19:00 UTC,618071.8478,17149.6069
2022-12-11 02:24:00 UTC,617785.0162,17141.6482
2022-12-11 02:29:00 UTC,617995.6743,17147.4933
2022-12-11 02:34:00 UTC,618122.8007,17151.0207
2022-12-11 02:39:00 UTC,618292.1963,17155.7209
2022-12-11 02:44:00 UTC,618433.6443,17159.6456
2022-12-11 02:49:00 UTC,618307.7678,17156.153
2022-12-11 02:54:00 UTC,618063.6933,17149.3806
2022-12-11 02:59:00 UTC,617850.3455,17143.4609
2022-12-11 03:04:00 UTC,617782.4876,17141.578
2022-12-11 03:09:00 UTC,617953.0761,17146.3113
2022-12-11 03:13:00 UTC,617972.4458,17146.8488
2022-12-11 03:19:00 UTC,618125.9049,17151.1068
2022-12-11 03:24:00 UTC,618341.7935,17157.0971
2022-12-11 14:29:00 UTC,617663.7506,17138.2834
2022-12-11 14:34:00 UTC,617978.5323,17147.0177
2022-12-11 14:39:00 UTC,617763.1565,17141.0417
2022-12-11 14:44:00 UTC,617999.9833,17147.6129
2022-12-11 14:49:00 UTC,618212.9379,17153.5217
2022-12-11 14:54:00 UTC,618304.42,17156.0601
2022-12-11 14:59:00 UTC,618281.8474,17155.4337
2022-12-11 15:04:00 UTC,618043.2864,17148.8144
2022-12-11 15:09:00 UTC,617822.6434,17142.6922
2022-12-11 15:14:00 UTC,617987.4057,17147.2639
2022-12-11 15:19:00 UTC,618144.0582,17151.6105
2022-12-11 15:24:00 UTC,618215.0862,17153.5813
2022-12-11 15:29:00 UTC,618114.0892,17150.779
2022-12-11 15:34:00 UTC,618108.5321,17150.6248
2022-12-11 15:39:00 UTC,617999.4138,17147.5971
2022-12-11 15:44:00 UTC,617906.6627,17145.0235
2022-12-11 15:49:00 UTC,618162.2671,17152.1158
2022-12-11 15:54:00 UTC,618295.2356,17155.8052
2022-12-11 15:59:00 UTC,618186.8143,17152.7969
2022-12-11 16:04:00 UTC,618322.9215,17156.5734
2022-12-11 16:09:00 UTC,618259.139,17154.8037
2022-12-11 16:14:00 UTC,618017.2648,17148.0924
2022-12-11 16:19:00 UTC,618105.206,17150.5325
2022-12-11 16:24:00 UTC,618076.4666,17149.7351
2022-12-11 17:29:00 UTC,619057.5551,17176.9573
2022-12-11 17:34:00 UTC,618964.6404,17174.3792
2022-12-11 17:39:00 UTC,618914.7704,17172.9954
2022-12-11 17:44:00 UTC,618781.0068,17169.2839
2022-12-11 17:49:00 UTC,618643.9269,17165.4803
2022-12-11 17:54:00 UTC,619058.5069,17176.9837
2022-12-11 17:59:00 UTC,618966.0272,17174.4176
2022-12-11 18:04:00 UTC,618944.4097,17173.8178
2022-12-11 18:09:00 UTC,619034.3911,17176.3145
2022-12-11 18:14:00 UTC,618910.0938,17172.8657
2022-12-11 18:19:00 UTC,619055.4151,17176.8979
2022-12-11 18:24:00 UTC,619071.7354,17177.3507
2022-12-11 16:29:00 UTC,618252.6064,17154.6224
2022-12-11 16:34:00 UTC,618266.8397,17155.0173
2022-12-11 16:39:00 UTC,618513.8445,17161.871
2022-12-11 16:44:00 UTC,618624.4404,17164.9397
2022-12-11 16:49:00 UTC,618723.0459,17167.6757
2022-12-11 16:54:00 UTC,618690.567,17166.7745
2022-12-11 16:59:00 UTC,618629.3354,17165.0755
2022-12-11 17:04:00 UTC,618788.3878,17169.4887
2022-12-11 17:09:00 UTC,618901.685,17172.6323
2022-12-11 17:14:00 UTC,618739.2541,17168.1254
2022-12-11 17:19:00 UTC,618708.1116,17167.2613
2022-12-11 17:24:00 UTC,618850.5868,17171.2145
2022-12-11 18:29:00 UTC,618955.0289,17174.1125
2022-12-11 18:34:00 UTC,619040.2364,17176.4767
2022-12-11 18:39:00 UTC,619021.4967,17175.9568
2022-12-11 18:44:00 UTC,619029.9845,17176.1923
2022-12-11 18:49:00 UTC,619004.6419,17175.4891
2022-12-11 18:54:00 UTC,619058.3264,17176.9787
2022-12-11 18:59:00 UTC,619899.5551,17200.3202
2022-12-11 19:04:00 UTC,621763.1025,17252.0279
2022-12-11 19:09:00 UTC,621532.3798,17245.6261
2022-12-11 19:14:00 UTC,621151.2536,17235.051
2022-12-11 19:19:00 UTC,621517.8564,17245.2231
2022-12-11 19:24:00 UTC,621201.5416,17236.4463
2022-12-11 19:29:00 UTC,621499.1098,17244.703
2022-12-11 19:34:00 UTC,619080.8337,17177.6032
2022-12-11 19:39:00 UTC,617915.263,17145.2621
2022-12-11 19:44:00 UTC,618801.1179,17169.8419
2022-12-11 19:49:00 UTC,619206.4919,17181.0898
2022-12-11 19:54:00 UTC,619327.4021,17184.4447
2022-12-11 19:59:00 UTC,619063.6008,17177.125
2022-12-11 20:04:00 UTC,618695.6403,17166.9152
2022-12-11 20:09:00 UTC,618860.9947,17171.5033
2022-12-11 20:14:00 UTC,618371.8033,17157.9297
2022-12-11 20:19:00 UTC,617347.3385,17129.504
2022-12-11 20:24:00 UTC,616970.1839,17119.0391
2022-12-11 23:34:00 UTC,616221.3681,17098.2617
2022-12-11 23:39:00 UTC,615864.5361,17088.3607
2022-12-11 23:44:00 UTC,615664.3537,17082.8063
2022-12-11 23:49:00 UTC,615999.179,17092.0967
2022-12-11 23:54:00 UTC,616233.736,17098.6049
2022-12-11 23:59:00 UTC,616096.4066,17094.7944
2022-12-11 20:29:00 UTC,616872.8268,17116.3377
2022-12-11 20:34:00 UTC,616919.5617,17117.6345
2022-12-11 20:39:00 UTC,617015.8134,17120.3052
2022-12-11 20:44:00 UTC,616984.3425,17119.4319
2022-12-11 20:49:00 UTC,617661.4343,17138.2192
2022-12-11 20:54:00 UTC,617362.2284,17129.9171
2022-12-11 20:59:00 UTC,616755.3177,17113.0772
2022-12-11 21:04:00 UTC,616999.6757,17119.8574
2022-12-11 21:09:00 UTC,617182.431,17124.9283
2022-12-11 21:14:00 UTC,617428.2414,17131.7488
2022-12-11 21:19:00 UTC,617103.8375,17122.7476
2022-12-11 21:24:00 UTC,617039.2134,17120.9544
2022-12-11 21:29:00 UTC,617344.6611,17129.4297
2022-12-11 21:34:00 UTC,618039.5768,17148.7115
2022-12-11 21:39:00 UTC,617904.8272,17144.9726
2022-12-11 21:44:00 UTC,617460.9034,17132.6551
2022-12-11 21:49:00 UTC,616839.0786,17115.4013
2022-12-11 21:54:00 UTC,616584.3609,17108.3337
2022-12-11 21:59:00 UTC,616613.6441,17109.1462
2022-12-11 22:04:00 UTC,616828.1938,17115.0993
2022-12-11 22:09:00 UTC,617171.6312,17124.6286
2022-12-11 22:14:00 UTC,617276.8161,17127.5472
2022-12-11 22:19:00 UTC,617140.7875,17123.7728
2022-12-11 22:24:00 UTC,617005.6022,17120.0218
2022-12-11 22:29:00 UTC,617070.3855,17121.8194
2022-12-11 22:34:00 UTC,617410.3771,17131.2531
2022-12-11 22:39:00 UTC,616358.4146,17102.0644
2022-12-11 22:44:00 UTC,617290.0241,17127.9137
2022-12-11 22:49:00 UTC,617329.804,17129.0174
2022-12-11 22:54:00 UTC,617045.825,17121.1379
2022-12-11 22:59:00 UTC,616608.2853,17108.9975
2022-12-11 23:04:00 UTC,616904.6069,17117.2195
2022-12-11 23:09:00 UTC,617092.8312,17122.4422
2022-12-11 23:14:00 UTC,617083.4987,17122.1832
2022-12-11 23:19:00 UTC,616343.7585,17101.6577
2022-12-11 23:24:00 UTC,616382.1667,17102.7234
2022-12-11 23:29:00 UTC,616496.2337,17105.8884
2022-12-11 11:29:00 UTC,618230.8916,17154.0199
2022-12-11 11:34:00 UTC,618262.7336,17154.9034
2022-12-11 11:38:00 UTC,618382.1349,17158.2164
2022-12-11 11:43:00 UTC,618410.8404,17159.0129
2022-12-11 11:49:00 UTC,618688.7091,17166.7229
2022-12-11 11:53:00 UTC,618708.2954,17167.2664
2022-12-11 11:58:00 UTC,618710.7699,17167.335
2022-12-11 12:03:00 UTC,618529.6001,17162.3081
2022-12-11 12:09:00 UTC,618307.6312,17156.1492
2022-12-11 12:14:00 UTC,618140.5512,17151.5132
2022-12-11 12:19:00 UTC,618312.3337,17156.2796
2022-12-11 12:24:00 UTC,618403.1264,17158.7989
2022-12-11 10:29:00 UTC,618173.305,17152.422
2022-12-11 10:33:00 UTC,618186.9855,17152.8016
2022-12-11 10:39:00 UTC,618348.8061,17157.2916
2022-12-11 10:44:00 UTC,618602.8345,17164.3402
2022-12-11 10:49:00 UTC,618800.5207,17169.8253
2022-12-11 10:54:00 UTC,618701.8785,17167.0883
2022-12-11 10:58:00 UTC,618674.3666,17166.325
2022-12-11 11:04:00 UTC,617872.4608,17144.0745
2022-12-11 11:09:00 UTC,618100.3622,17150.3981
2022-12-11 11:14:00 UTC,618351.183,17157.3576
2022-12-11 11:18:00 UTC,618528.0248,17162.2644
2022-12-11 11:23:00 UTC,618308.9095,17156.1846
2022-12-11 12:28:00 UTC,618531.6021,17162.3637
2022-12-11 12:34:00 UTC,618600.4605,17164.2743
2022-12-11 12:39:00 UTC,618677.1612,17166.4025
2022-12-11 12:44:00 UTC,618679.9683,17166.4804
2022-12-11 12:49:00 UTC,618713.1515,17167.4011
2022-12-11 12:54:00 UTC,618618.4463,17164.7733
2022-12-11 12:59:00 UTC,618477.8185,17160.8713
2022-12-11 13:04:00 UTC,618517.0726,17161.9605
2022-12-11 13:09:00 UTC,618292.5311,17155.7302
2022-12-11 13:14:00 UTC,618118.0146,17150.8879
2022-12-11 13:19:00 UTC,618297.7346,17155.8746
2022-12-11 13:24:00 UTC,618611.2797,17164.5745
2022-12-11 13:29:00 UTC,618725.9082,17167.7551
2022-12-11 13:34:00 UTC,618459.3812,17160.3598
2022-12-11 13:39:00 UTC,618372.71,17157.9549
2022-12-11 13:44:00 UTC,618053.6926,17149.1031
2022-12-11 13:49:00 UTC,617657.6465,17138.1141
2022-12-11 13:54:00 UTC,618035.6762,17148.6032
2022-12-11 13:59:00 UTC,618384.7629,17158.2893
2022-12-11 14:04:00 UTC,617897.2873,17144.7634
2022-12-11 14:09:00 UTC,617933.6174,17145.7714
2022-12-11 14:14:00 UTC,618089.6994,17150.1022
2022-12-11 14:19:00 UTC,617851.2217,17143.4852
2022-12-11 14:24:00 UTC,617686.7193,17138.9208
2022-12-11 09:28:00 UTC,618789.7141,17169.5255
2022-12-11 09:34:00 UTC,618788.4466,17169.4903
2022-12-11 09:39:00 UTC,618638.8417,17165.3392
2022-12-11 09:44:00 UTC,618581.7813,17163.756
2022-12-11 09:48:00 UTC,618591.8552,17164.0355
2022-12-11 09:54:00 UTC,618587.9625,17163.9275
2022-12-11 09:59:00 UTC,618716.0956,17167.4828
2022-12-11 10:03:00 UTC,618530.9368,17162.3452
2022-12-11 10:09:00 UTC,618540.7044,17162.6162
2022-12-11 10:14:00 UTC,618434.7998,17159.6777
2022-12-11 10:18:00 UTC,618375.9807,17158.0457
2022-12-11 10:24:00 UTC,618291.0564,17155.6893
2022-12-11 05:29:00 UTC,618605.6668,17164.4187
2022-12-11 05:34:00 UTC,619009.3069,17175.6185
2022-12-11 05:38:00 UTC,619350.8757,17185.096
2022-12-11 05:44:00 UTC,618942.1684,17173.7556
2022-12-11 05:49:00 UTC,618784.0151,17169.3674
2022-12-11 05:54:00 UTC,618675.3671,17166.3527
2022-12-11 05:58:00 UTC,618818.1544,17170.3146
2022-12-11 06:04:00 UTC,619169.025,17180.0502
2022-12-11 06:09:00 UTC,619607.092,17192.2052
2022-12-11 06:14:00 UTC,619373.1131,17185.713
2022-12-11 06:18:00 UTC,619233.3341,17181.8346
2022-12-11 06:24:00 UTC,619130.0431,17178.9686
2022-12-11 06:28:00 UTC,619223.0656,17181.5497
2022-12-11 06:34:00 UTC,619252.6014,17182.3692
2022-12-11 06:38:00 UTC,619132.1554,17179.0272
2022-12-11 06:44:00 UTC,618660.3262,17165.9354
2022-12-11 06:48:00 UTC,618655.4471,17165.8
2022-12-11 06:54:00 UTC,618906.372,17172.7624
2022-12-11 06:59:00 UTC,618955.7126,17174.1314
2022-12-11 07:04:00 UTC,618866.7957,17171.6643
2022-12-11 07:09:00 UTC,618726.9018,17167.7826
2022-12-11 07:14:00 UTC,618295.3718,17155.809
2022-12-11 07:19:00 UTC,618462.2237,17160.4386
2022-12-11 04:29:00 UTC,618328.9186,17156.7398
2022-12-11 04:33:00 UTC,618152.8855,17151.8554
2022-12-11 04:39:00 UTC,618170.9293,17152.3561
2022-12-11 04:44:00 UTC,618157.8839,17151.9941
2022-12-11 04:49:00 UTC,618419.7145,17159.2591
2022-12-11 04:54:00 UTC,618797.0829,17169.73
2022-12-11 04:59:00 UTC,618751.7568,17168.4723
2022-12-11 05:04:00 UTC,618674.5285,17166.3294
2022-12-11 05:09:00 UTC,618369.4427,17157.8642
2022-12-11 05:14:00 UTC,618388.7547,17158.4001
2022-12-11 05:18:00 UTC,618400.9009,17158.7371
2022-12-11 05:24:00 UTC,618281.5382,17155.4252
2022-12-11 07:23:00 UTC,618619.4107,17164.8001
2022-12-11 07:29:00 UTC,619046.2829,17176.6445
2022-12-11 07:34:00 UTC,618984.1517,17174.9205
2022-12-11 07:39:00 UTC,618874.1191,17171.8675
2022-12-11 07:43:00 UTC,619066.217,17177.1976
2022-12-11 07:48:00 UTC,619019.5592,17175.903
2022-12-11 07:54:00 UTC,619441.3991,17187.6078
2022-12-11 07:58:00 UTC,619162.882,17179.8798
2022-12-11 08:03:00 UTC,619345.8117,17184.9555
2022-12-11 08:09:00 UTC,619034.0801,17176.3059
2022-12-11 08:14:00 UTC,618645.3862,17165.5208
2022-12-11 08:19:00 UTC,618761.1704,17168.7335
2022-12-11 08:24:00 UTC,618991.9947,17175.1382
2022-12-11 08:29:00 UTC,619258.3642,17182.5291
2022-12-11 08:33:00 UTC,619226.3845,17181.6418
2022-12-11 08:38:00 UTC,618849.2518,17171.1775
2022-12-11 08:44:00 UTC,618458.3414,17160.3309
2022-12-11 08:49:00 UTC,618613.2136,17164.6281
2022-12-11 08:54:00 UTC,618642.9672,17165.4537
2022-12-11 08:58:00 UTC,619080.7706,17177.6014
2022-12-11 09:04:00 UTC,618961.9572,17174.3047
2022-12-11 09:08:00 UTC,618922.9194,17173.2215
2022-12-11 09:14:00 UTC,618823.2958,17170.4573
2022-12-11 09:19:00 UTC,618751.3153,17168.46
2022-12-11 09:24:00 UTC,618685.9431,17166.6462
